-- phpMyAdmin SQL Dump
-- version 4.5.1
-- http://www.phpmyadmin.net
--
-- Host: 127.0.0.1
-- Generation Time: Oct 31, 2017 at 09:10 AM
-- Server version: 10.1.9-MariaDB
-- PHP Version: 5.5.30

SET SQL_MODE = "NO_AUTO_VALUE_ON_ZERO";
SET time_zone = "+00:00";


/*!40101 SET @OLD_CHARACTER_SET_CLIENT=@@CHARACTER_SET_CLIENT */;
/*!40101 SET @OLD_CHARACTER_SET_RESULTS=@@CHARACTER_SET_RESULTS */;
/*!40101 SET @OLD_COLLATION_CONNECTION=@@COLLATION_CONNECTION */;
/*!40101 SET NAMES utf8mb4 */;

--
-- Database: `db_newsportal`
--

-- --------------------------------------------------------

--
-- Table structure for table `tbl_admin`
--

CREATE TABLE `tbl_admin` (
  `admin_id` int(11) NOT NULL,
  `adminUser` varchar(100) NOT NULL,
  `adminEmail` varchar(60) NOT NULL,
  `adminPassword` varchar(50) NOT NULL,
  `level` int(11) NOT NULL DEFAULT '0'
) ENGINE=InnoDB DEFAULT CHARSET=utf8;

--
-- Dumping data for table `tbl_admin`
--

INSERT INTO `tbl_admin` (`admin_id`, `adminUser`, `adminEmail`, `adminPassword`, `level`) VALUES
(1, 'admin', 'admin@gmail.com', '21232f297a57a5a743894a0e4a801fc3', 0),
(12, 'editor', 'editor@gmail.com', '5aee9dbd2a188839105073571bee1b1f', 1),
(14, 'admin2', 'admin2@gmail.com', 'c84258e9c39059a89ab77d846ddab909', 0);

-- --------------------------------------------------------

--
-- Table structure for table `tbl_ncategory`
--

CREATE TABLE `tbl_ncategory` (
  `category_id` int(11) NOT NULL,
  `category_title` varchar(150) NOT NULL,
  `category_url` varchar(150) NOT NULL,
  `category_seo_title` varchar(150) NOT NULL,
  `status` tinyint(1) NOT NULL,
  `create_date` timestamp NOT NULL DEFAULT CURRENT_TIMESTAMP
) ENGINE=InnoDB DEFAULT CHARSET=utf8;

--
-- Dumping data for table `tbl_ncategory`
--

INSERT INTO `tbl_ncategory` (`category_id`, `category_title`, `category_url`, `category_seo_title`, `status`, `create_date`) VALUES
(14, 'নীড়পাতা', 'নীড়পাতা', 'নীড়পাতা', 1, '2017-10-30 04:45:55'),
(15, 'রাজনীতি', 'রাজনীতি', 'রাজনীতি', 1, '2017-10-30 04:46:39'),
(16, 'সারাবাংলা', 'সারাবাংলা', 'সারাবাংলা', 1, '2017-10-30 04:47:05'),
(17, 'অর্থনীতি', 'অর্থনীতি', 'অর্থনীতি', 1, '2017-10-30 04:47:32'),
(18, 'আন্তর্জাতিক', 'আন্তর্জাতিক', 'আন্তর্জাতিক', 1, '2017-10-30 04:47:47'),
(19, 'খেলাধুলা', 'খেলাধুলা', 'খেলাধুলা', 1, '2017-10-30 04:47:59'),
(20, 'বিনোদন', 'বিনোদন', 'বিনোদন', 1, '2017-10-30 04:48:18'),
(21, 'ফিচার', 'ফিচার', 'ফিচার', 1, '2017-10-30 04:48:55'),
(22, 'বিচিত্র খবর', 'বিচিত্র-খবর', 'বিচিত্র খবর', 1, '2017-10-30 04:49:31'),
(23, 'কলাম', 'কলাম', 'কলাম', 1, '2017-10-30 04:49:51');

-- --------------------------------------------------------

--
-- Table structure for table `tbl_newses`
--

CREATE TABLE `tbl_newses` (
  `news_id` int(11) NOT NULL,
  `category_id` int(11) NOT NULL,
  `subcategory_id` int(11) NOT NULL,
  `top_news` tinyint(1) NOT NULL,
  `news_title` varchar(150) NOT NULL,
  `news_url` varchar(150) NOT NULL,
  `news_seo_title` varchar(150) NOT NULL,
  `image` varchar(255) NOT NULL,
  `news_summery` text NOT NULL,
  `news_details` text NOT NULL,
  `hits` int(11) NOT NULL,
  `author` varchar(30) NOT NULL,
  `status` tinyint(1) NOT NULL,
  `create_date` timestamp NOT NULL DEFAULT CURRENT_TIMESTAMP
) ENGINE=InnoDB DEFAULT CHARSET=utf8;

--
-- Dumping data for table `tbl_newses`
--

INSERT INTO `tbl_newses` (`news_id`, `category_id`, `subcategory_id`, `top_news`, `news_title`, `news_url`, `news_seo_title`, `image`, `news_summery`, `news_details`, `hits`, `author`, `status`, `create_date`) VALUES
(1, 20, 11, 1, 'পঞ্চাশেও উদীচীর দীপ্ত পথচলা', 'পঞ্চাশেও-উদীচীর-দীপ্ত-পথচলা', 'পঞ্চাশেও উদীচীর দীপ্ত পথচলা', 'upload/9785b5af40.jpg', '<p><span>মানুষের কাছে পেয়েছি যে বাণী তাই দিয়ে রচি গান, মানুষের লাগি ঢেলে দিয়ে যাব মানুষের দেয়া প্রাণ।&rsquo; সত্যেন সেনের লেখা গানের চরণগুলো স্মরণ করলেন কামাল লোহানী। তাঁর বক্তব্যের বেশ খানিক আগে গণগ্রন্থাগার চত্বরে পরিবেশিত দলীয় সংগীতের কথাগুলো এমন, &lsquo;সত্যেন রণেশের আঁকা পদচিহ্ন, লাল খামে বাঙালির ঠিকানা অভিন্ন, কানাগলি রাজপথ মেশে সেই মোহনায়, অন্য পথের দিশা চাই না&rsquo;&mdash;এসব গানে খুব সহজেই মেলে সংস্কৃতিচর্চায় জড়িয়ে থাকা অর্ধশত বছরের পথে থাকা একটি সংগঠনের পরিচয়। এ সংগঠনের নাম উদীচী।</span></p>', '<p>মানুষের কাছে পেয়েছি যে বাণী তাই দিয়ে রচি গান, মানুষের লাগি ঢেলে দিয়ে যাব মানুষের দেয়া প্রাণ।&rsquo; সত্যেন সেনের লেখা গানের চরণগুলো স্মরণ করলেন কামাল লোহানী। তাঁর বক্তব্যের বেশ খানিক আগে গণগ্রন্থাগার চত্বরে পরিবেশিত দলীয় সংগীতের কথাগুলো এমন, &lsquo;সত্যেন রণেশের আঁকা পদচিহ্ন, লাল খামে বাঙালির ঠিকানা অভিন্ন, কানাগলি রাজপথ মেশে সেই মোহনায়, অন্য পথের দিশা চাই না&rsquo;&mdash;এসব গানে খুব সহজেই মেলে সংস্কৃতিচর্চায় জড়িয়ে থাকা অর্ধশত বছরের পথে থাকা একটি সংগঠনের পরিচয়। এ সংগঠনের নাম উদীচী।<br />১৯৬৮ সালের ২৯ অক্টোবর জন্ম নেয় প্রগতিশীল সাংস্কৃতিক সংগঠন উদীচী শিল্পীগোষ্ঠী। যেখানে প্রতিদিনই নতুন নতুন সংগঠন জন্ম নিয়ে আবার কিছুদিন পরই তা বিস্মৃতির অতলে হারিয়ে যাচ্ছে, সেখানে উদীচী নির্দিষ্ট লক্ষ্য সামনে রেখে দীর্ঘ পথ পেরিয়ে এসেছে। গতকাল রোববার ছিল সংগঠনটির ৪৯তম প্রতিষ্ঠাবার্ষিকী এবং ৫০তম বছরে পদার্পণ। পঞ্চাশে উদীচী বুড়িয়ে যায়নি, ফুরিয়ে যায়নি। এখনো তাদের দীপ্ত পথচলা।<br />জৌলুশ বা আড়ম্বরপূর্ণ ছিল না এ আয়োজন। তবে তা ছিল নিখাদ ভালোবাসায় পরিপূর্ণ। এখানে শামিল হয়েছেন যাঁরা, উদীচীর দর্শনকে চর্চা করছেন যুগের পর যুগ। এসেছিলেন অশীতিপর থেকে তরুণ কিশোরেরাও। এখানে উঠে এসেছে &rsquo;৬৮ সালে পুরান ঢাকার নারিন্দায় সাইদুল ইসলামের বাসায় সত্যেন সেন, গোলাম মোহাম্মদ ইদু, আখতার হুসেন, ইয়াহিয়া বখত্, রিজিয়া বেগম, কবিয়াল আব্দুল খালেকসহ কয়েকজন তরুণ মিলে করা সেই সভাটির কথা। সেখানেই উদীচী গঠনের সিদ্ধান্ত হয়েছিল। উঠে এসেছে চামেলীবাগের সেই বাসাটির কথা, যেখানে উদীচীর আনুষ্ঠানিক কার্যক্রম শুরু হয়। উঠে এসেছে ৪৯ বছরের পথচলার কথা।<br />গতকাল বিকেলে রাজধানীর কেন্দ্রীয় গণগ্রন্থাগারের শওকত ওসমান স্মৃতি মিলনায়তনের বাইরে উন্মুক্ত প্রাঙ্গণে উৎসবের উদ্বোধন করেন প্রবীণ কৃষকনেতা কাজী সোহরাব হোসেন। &lsquo;চলছি তো অবিরাম মানুষের মিছিলে, লড়ছি তো মুক্তির শপথে&rsquo; স্লোগানটির প্রসঙ্গ তিনি তুলে আনেন উদ্বোধনী বক্তৃতায়। বলেন, এর মাঝেই মানুষের মুক্তির কথা রয়েছে।<br />উদ্বোধন ঘোষণার পর উদীচীর সংগঠন সংগীত &lsquo;আরশির সামনে একা একা দাঁড়িয়ে&rsquo; পরিবেশন করেন উদীচীর শিল্পীরা। ঢোল, তবলা, বাঁশিসহ নানা বাদ্যযন্ত্রের আওয়াজে অনুষ্ঠানস্থল দারুণ সচকিত হয়। নেচে ওঠেন প্রাঙ্গণে উপস্থিত উদীচীর শিল্পী-কর্মীসহ সবাই।<br />আনুষ্ঠানিক উদ্বোধনের পর মিষ্টি আর নিমকির স্বাদ নিয়ে সমাগতরা ঢুকে পড়েন কেন্দ্রীয় গণগ্রন্থাগারের শওকত ওসমান স্মৃতি মিলনায়তনে। সেখানে দ্বিতীয় পর্বের শুরুতে প্রদর্শিত হয় সদ্যপ্রয়াত, ব্রিটিশবিরোধী আন্দোলনের অন্যতম বিপ্লবী জসিমউদ্দিন মণ্ডলের জীবনীর ওপর নির্মিত প্রামাণ্যচিত্র ফায়ারম্যান। তথ্যচিত্রে দেখা যায়, সত্যেন সেনের সঙ্গে জেলখানায় এক বছর থাকার স্মৃতির কথা বলছেন জসিমউদ্দিন মণ্ডল।<br />সফিউদ্দিন আহমদের সভাপতিত্বে ছিল আলোচনা। এ পর্বের শুরুতে স্বাগত বক্তব্য দেন উদীচীর কেন্দ্রীয় সংসদের সাধারণ সম্পাদক জামসেদ আনোয়ার। আলোচক হিসেবে অংশ নেন উদীচীর প্রতিষ্ঠাকালীন সদস্য ও সাবেক সভাপতি গোলাম মোহাম্মদ ইদু, সাবেক সভাপতি কামাল লোহানী, শিল্পী আনোয়ার হোসেন, কেন্দ্রীয় খেলাঘর আসরের সভাপতি মাহফুজা খানম, অধ্যাপক নিরঞ্জন অধিকারী, বাংলাদেশের কমিউনিস্ট পার্টির সভাপতি মুজাহিদুল ইসলাম সেলিম, সম্মিলিত সাংস্কৃতিক জোটের সভাপতি গোলাম কুদ্দুছ প্রমুখ। তাঁদের সবার বক্তব্য একটা বিষয়ই যেন কোরাস হয়, বাংলাদেশের সাংস্কৃতিক আন্দোলনের নানা পর্বের দুর্যোগে, সংকটে স্বৈরাচারবিরোধী আন্দোলনে, সাম্প্রদায়িকতাবিরোধী আন্দোলনসহ দেশের সব গণতান্ত্রিক আন্দোলনে জনসাধারণের দাবি আদায়ের সংগ্রামে উদীচী যুগে যুগে রাজপথে থেকেছে। মানুষের মুক্তির লড়াইয়ে উদীচী আগামী দিনেও মানুষের পাশে থাকবে বলে প্রত্যাশা করেন তাঁরা। এ পর্বটি সঞ্চালনা করেন অমিত রঞ্জন দে।</p>\r\n<p>অনুষ্ঠানের তৃতীয় পর্বে ছিল সাংস্কৃতিক পরিবেশনা। সঙ্গীতা ইমামের সঞ্চালনায় এ পর্বে ছিল উদীচী, বহ্নিশিখা ও ঋষিজ শিল্পীগোষ্ঠীর শিল্পীদের সমবেত পরিবেশনা। এসব গানে কখনো ছিল দেশমাতৃকার অনুরাগের কথা, কখনো প্রতিরোধ-প্রতিবাদের দীপ্ত উচ্চারণ। &lsquo;হেই সামালো ধান হো, কাস্তেটা দাও শান হো&rsquo; গানের সঙ্গে দলীয় নৃত্য পরিবেশন করেন উদীচীর নৃত্যশিল্পীরা। শেষে একক কণ্ঠে গণসংগীত পরিবেশন করেন পশ্চিমবঙ্গের গণসংগীতশিল্পী অসীম গিরি।</p>', 0, 'admin', 1, '2017-10-30 09:15:46'),
(3, 19, 2, 1, 'বাংলাদেশের ‘ব্রড’ হয়ে উঠুন সাইফউদ্দিন', 'বাংলাদেশের-‘ব্রড’-হয়ে-উঠুন-সাইফউদ্দিন', 'বাংলাদেশের ‘ব্রড’ হয়ে উঠুন সাইফউদ্দিন', 'upload/1696e7b3b1.jpg', '<p><span>টি-টোয়েন্টি ক্রিকেট যেন বোলারকে &lsquo;বলি&rsquo; দেওয়ার খেলা। ব্যাটসম্যানরা শেষ ৫ ওভারকে বেছে নেন বোলারকে &lsquo;কচুকাটা&rsquo; করার জন্য। আগেও যে বোলাররা হেনস্তা হন না, তা নয়, কিন্তু শেষ ৫ ওভারটা বোলারদের জন্য বেশি ভয়ংকর!</span></p>', '<div>\r\n<p>টি-টোয়েন্টি ক্রিকেট যেন বোলারকে &lsquo;বলি&rsquo; দেওয়ার খেলা। ব্যাটসম্যানরা শেষ ৫ ওভারকে বেছে নেন বোলারকে &lsquo;কচুকাটা&rsquo; করার জন্য। আগেও যে বোলাররা হেনস্তা হন না, তা নয়, কিন্তু শেষ ৫ ওভারটা বোলারদের জন্য বেশি ভয়ংকর!</p>\r\n<p>ফিল্ডিং দলের অধিনায়কের রাজ্যের দুশ্চিন্তা থাকে এই সময়টাকে নিয়ে। টি-টোয়েন্টি ক্রিকেটের ১৭ ও ১৯তম ওভার দুটিতে অধিনায়কেরা সাধারণত দিনের দলের সেরা বোলারকেই ব্যবহার করতে চান। দলের সেরা ডেথ ওভার বোলারকে দিয়ে ১৭ ও ১৯তম ওভার করিয়ে রান তোলার গতি কমিয়ে দেওয়াটা এখন টি-টোয়েন্টির রীতি। এই কৌশলের সফল ব্যবহার গত আইপিএলে দেখিয়েছিলেন ডেভিড ওয়ার্নার। সানরাইজার্স হায়দরাবাদের অধিনায়ক এ দুটি ওভার করাতেন মোস্তাফিজুর রহমানকে দিয়ে। সর্বশেষ বিগ ব্যাশ লিগ চ্যাম্পিয়ন পার্থ স্করচার্সের হয়ে এই দায়িত্ব নিয়েছিলেন মিচেল জনসন, ভারতের হয়ে এই দায়িত্ব পালন করেন জসপ্রীত বুমরাহ। পচেফস্ট্রুমে গতকাল দক্ষিণ আফ্রিকার বিপক্ষে শেষ টি-টোয়েন্টি ম্যাচে বাংলাদেশের মোহাম্মদ সাইফউদ্দিন &lsquo;সেরা বোলার&rsquo; হয়তো ছিলেন না, কিন্তু তিনি খুব খারাপ করছিলেন না। উইকেট পেয়েছিলেন দুটি। সাকিব আল হাসান ৪ ওভারে ২২ রানে দিয়ে প্রোটিয়াদের আটকে রাখার কাজটি করে যাওয়ার পর অবশিষ্টদের মধ্যে সাইফই ছিলেন সেরা।</p>\r\n<p>প্রথম দুই ওভারে ৮ রান দিয়ে নিয়েছিলেন ডি ভিলিয়ার্সের উইকেট। ১৭তম ওভারে বল হাতে নিয়ে প্রথম দুটি বল ডট, তৃতীয় বলে ফেরালেন ৮৫ রান করা হাশিম আমলাকে। পরের তিন বলে দিলেন ছয় রান। ডেথ ওভারে ৬ রান ও ১ উইকেট। ধারাভাষ্যকার থেকে সমর্থক পর্যন্ত সবার মুখেই তখন এই তরুণ পেসারের প্রশংসা।</p>\r\n<p>১৯তম ওভারের আগে ম্যাচে তাঁর বোলিং পরিসংখ্যানটা দেখার মতো, ৩ ওভার ২২ রান ২ উইকেট। উইকেট দুটো ডি ভিলিয়ার্স ও আমলার, স্বপ্নের মতো বোলিংই করেছিলেন সাইফউদ্দিন। কিন্তু এরপর ডেভিড মিলার রীতিমতো &lsquo;গণহত্যা&rsquo; চালালেন। পেশিশক্তি কিংবা টেকনিক নয়, সাইফউদ্দিনকে মিলার টেক্কা দিয়েছেন স্রেফ অভিজ্ঞতায়। ব্যাপারটা একটু খতিয়ে দেখা যাক।</p>\r\n<p>পুরো ওভারে একটি মাত্র শর্ট বল করেছেন সাইফউদ্দিন, সেটিকে টেনে মিড উইকেটের ওপর দিয়ে ছয় মেরেছেন মিলার। ডেথ ওভারে সাফল্যের সূত্র মেনে বাকি পাঁচটি বলই ফুল লেংথ ডেলিভারি। এর মাঝে প্রথম বলটা ছিল স্লোয়ার। কিন্তু ওভারের প্রথম বলে স্লোয়ার করে ছক্কা খাওয়ার পর দ্বিতীয়বার এই বল করতে সাহস পাননি। অভিজ্ঞতার কাছে মার খেয়ে এই ভুল করা ছাড়া বাকি ছক্কাগুলোয় সাইফউদ্দিনের দোষ খোঁজা যুক্তিযুক্ত হবে না। মিলার লেগ স্টাম্প ছেড়ে দাঁড়ালে বুদ্ধি খাটিয়ে অফ স্টাম্পের বাইরে বল করেছেন। অফসাইডে সরে আসলে বল করেছেন লেগ স্টাম্পে। এর প্রতিটিই ছিল মাথা খাটানো ব্যাপার।</p>\r\n<p>তবে সময়টাই ছিল ডেভিড মিলারের। তাই এক এক করে টানা পাঁচটা ছয় মেরেছেন। ওভারে ৩১ রান দিয়ে আন্তর্জাতিক টি-টোয়েন্টির ইতিহাসে সবচেয়ে খরুচে ওভারের তালিকার তিন নম্বরটা বাংলাদেশের এই তরুণ বোলারের। ম্যাচে বোলিং পরিসংখ্যান ৪ ওভারে ৫৩ রান দিয়ে ২ উইকেট।</p>\r\n<p>যাঁরা কালকের ম্যাচে বাংলাদেশের বিপর্যয়ের জন্য এককভাবে সাইফউদ্দিনকে দায়ী করছেন, তাঁরা কয়েকটি পরিসংখ্যান দেখে নিতে পারেন। টি-টোয়েন্টি সবচেয়ে খরুচে ওভার করেছিলেন ইংল্যান্ডের স্টুয়ার্ট ব্রড। যুবরাজ সিংয়ের হাতে ছয়টি ছক্কা খাওয়ার সময় তাঁর বয়স ছিল ২১ বছর। সেদিন ব্রডের সেই ব্যর্থতার পর ইংল্যান্ড যদি ব্রডকে ছুড়ে ফেলত, তবে টেস্ট ইতিহাসের অন্যতম সেরা বোলিং জুটির (অ্যান্ডারসন-ব্রড) জন্ম হতো না। তিন সংস্করণে যথাক্রমে ৩৮৮, ১৭৮ ও ৬৫টি উইকেট পাওয়া বোলার হারিয়ে যেতেন যুবরাজ সিংয়ের অতিমানবীয় ব্যাটিংয়ের কারণে। ডানহাতি বোলিং আর বাঁহাতি ব্যাটিং ছাড়া আরও একটি মিল রয়েছে সাইফউদ্দিন ও ব্রডের মধ্যে। দুজনই ওভারে কোনো অতিরিক্ত রান দেননি। অমন বেধড়ক পিটুনি খেয়ে ঝানু বোলাররাও তাল হারিয়ে ওয়াইড বা নো বল করে বসেন।</p>\r\n<p>দুঃস্বপ্নের সিরিজে কিন্তু একটু আশার ঝলক দেখানো ক্রিকেটার সাইফউদ্দিন। দোষ চাপানোর আগে লড়াকু এই বোলারকে একবার অন্তত পিঠ চাপড়ে দেওয়া হোক। এই সাইফই যে একদিন বাংলাদেশের স্টুয়ার্ট ব্রড হবেন না, তা কে বলতে পারে?</p>\r\n</div>', 0, 'admin', 1, '2017-10-30 09:56:18');

-- --------------------------------------------------------

--
-- Table structure for table `tbl_subcategory`
--

CREATE TABLE `tbl_subcategory` (
  `subcategory_id` int(11) NOT NULL,
  `category_id` int(11) NOT NULL,
  `sub_category_title` varchar(150) NOT NULL,
  `sub_category_url` varchar(150) NOT NULL,
  `subcategory_seo_title` varchar(150) NOT NULL,
  `status` tinyint(1) NOT NULL,
  `create_date` timestamp NOT NULL DEFAULT CURRENT_TIMESTAMP
) ENGINE=InnoDB DEFAULT CHARSET=utf8;

--
-- Dumping data for table `tbl_subcategory`
--

INSERT INTO `tbl_subcategory` (`subcategory_id`, `category_id`, `sub_category_title`, `sub_category_url`, `subcategory_seo_title`, `status`, `create_date`) VALUES
(2, 19, 'ক্রিকেট', 'ক্রিকেট', 'ক্রিকেট', 1, '2017-10-30 05:23:49'),
(3, 19, 'ফুটবল', 'ফুটবল', 'ফুটবল', 1, '2017-10-30 06:10:22'),
(4, 14, 'হকি', 'হকি', 'হকি', 1, '2017-10-30 06:10:38'),
(5, 21, 'প্রবাস', 'প্রবাস', 'প্রবাস', 1, '2017-10-30 06:11:32'),
(6, 21, 'লাইফ স্টাইল', 'লাইফ-স্টাইল', 'লাইফ স্টাইল', 1, '2017-10-30 06:11:58'),
(7, 21, 'বিজ্ঞান ও প্রযুক্তি', 'বিজ্ঞান-ও-প্রযুক্তি', 'বিজ্ঞান ও প্রযুক্তি', 1, '2017-10-30 06:13:15'),
(8, 21, 'নারী', 'নারী', 'নারী', 1, '2017-10-30 06:13:45'),
(9, 21, 'সাহিত্য', 'সাহিত্য', 'সাহিত্য', 1, '2017-10-30 06:14:13'),
(10, 20, 'বলিউড', 'বলিউড', 'বলিউড', 1, '2017-10-30 06:15:18'),
(11, 20, 'ঢালিউড', 'ঢালিউড', 'ঢালিউড', 1, '2017-10-30 06:15:30'),
(12, 20, 'হলিউড', 'হলিউড', 'হলিউড', 1, '2017-10-30 06:15:41');

--
-- Indexes for dumped tables
--

--
-- Indexes for table `tbl_admin`
--
ALTER TABLE `tbl_admin`
  ADD PRIMARY KEY (`admin_id`);

--
-- Indexes for table `tbl_ncategory`
--
ALTER TABLE `tbl_ncategory`
  ADD PRIMARY KEY (`category_id`);

--
-- Indexes for table `tbl_newses`
--
ALTER TABLE `tbl_newses`
  ADD PRIMARY KEY (`news_id`);

--
-- Indexes for table `tbl_subcategory`
--
ALTER TABLE `tbl_subcategory`
  ADD PRIMARY KEY (`subcategory_id`);

--
-- AUTO_INCREMENT for dumped tables
--

--
-- AUTO_INCREMENT for table `tbl_admin`
--
ALTER TABLE `tbl_admin`
  MODIFY `admin_id` int(11) NOT NULL AUTO_INCREMENT, AUTO_INCREMENT=17;
--
-- AUTO_INCREMENT for table `tbl_ncategory`
--
ALTER TABLE `tbl_ncategory`
  MODIFY `category_id` int(11) NOT NULL AUTO_INCREMENT, AUTO_INCREMENT=24;
--
-- AUTO_INCREMENT for table `tbl_newses`
--
ALTER TABLE `tbl_newses`
  MODIFY `news_id` int(11) NOT NULL AUTO_INCREMENT, AUTO_INCREMENT=4;
--
-- AUTO_INCREMENT for table `tbl_subcategory`
--
ALTER TABLE `tbl_subcategory`
  MODIFY `subcategory_id` int(11) NOT NULL AUTO_INCREMENT, AUTO_INCREMENT=13;
/*!40101 SET CHARACTER_SET_CLIENT=@OLD_CHARACTER_SET_CLIENT */;
/*!40101 SET CHARACTER_SET_RESULTS=@OLD_CHARACTER_SET_RESULTS */;
/*!40101 SET COLLATION_CONNECTION=@OLD_COLLATION_CONNECTION */;
